﻿<?xml version="1.0" encoding="utf-8"?>
<abapGit version="v1.0.0" serializer="LCL_OBJECT_PROG" serializer_version="v1.0.0">
 <asx:abap xmlns:asx="http://www.sap.com/abapxml" version="1.0">
  <asx:values>
   <PROGDIR>
    <NAME>Z_CUSTOMER_FLAGS_MAINTENANCE</NAME>
    <SUBC>1</SUBC>
    <RSTAT>K</RSTAT>
    <RLOAD>E</RLOAD>
    <FIXPT>X</FIXPT>
    <UCCHECK>X</UCCHECK>
   </PROGDIR>
   <TPOOL>
    <item>
     <ID>I</ID>
     <KEY>001</KEY>
     <ENTRY>Select Options</ENTRY>
     <LENGTH>24</LENGTH>
    </item>
    <item>
     <ID>R</ID>
     <ENTRY>Customer Flags Mainteance</ENTRY>
     <LENGTH>25</LENGTH>
    </item>
    <item>
     <ID>S</ID>
     <KEY>SO_CUST</KEY>
     <ENTRY>Customer ID</ENTRY>
     <LENGTH>19</LENGTH>
    </item>
    <item>
     <ID>S</ID>
     <KEY>SO_FLAG</KEY>
     <ENTRY>Flag Type</ENTRY>
     <LENGTH>17</LENGTH>
    </item>
   </TPOOL>
  </asx:values>
 </asx:abap>
</abapGit>
